solver,instance,run,seed,best_fitness,hard_violations,soft_penalty,evaluations,time_sec,feasible
Standard_ARO,comp-2007-2-10,1,1000,310001376.0,310,1376,5000,7.58,0
Standard_ARO,comp-2007-2-10,2,1001,310001127.0,310,1127,5000,8.56,0
Standard_ARO,comp-2007-2-10,3,1002,317001259.0,317,1259,5000,9.63,0
Standard_ARO,comp-2007-2-10,4,1003,311001531.0,311,1531,5000,8.96,0
Standard_ARO,comp-2007-2-10,5,1004,299001295.0,299,1295,5000,8.41,0
Standard_ARO,comp-2007-2-10,6,1005,306001236.0,306,1236,5000,7.45,0
Standard_ARO,comp-2007-2-10,7,1006,317001220.0,317,1220,5000,7.34,0
Standard_ARO,comp-2007-2-10,8,1007,292001405.0,292,1405,5000,7.78,0
Standard_ARO,comp-2007-2-10,9,1008,318001329.0,318,1329,5000,7.73,0
Standard_ARO,comp-2007-2-10,10,1009,321001515.0,321,1515,5000,7.58,0
Standard_ARO,comp-2007-2-10,11,1010,302001273.0,302,1273,5000,7.4,0
Standard_ARO,comp-2007-2-10,12,1011,305001379.0,305,1379,5000,7.44,0
Standard_ARO,comp-2007-2-10,13,1012,307001477.0,307,1477,5000,7.78,0
Standard_ARO,comp-2007-2-10,14,1013,314001503.0,314,1503,5000,7.52,0
Standard_ARO,comp-2007-2-10,15,1014,317001192.0,317,1192,5000,7.57,0
GA,comp-2007-2-10,1,1000,248001081.0,248,1081,5000,14.24,0
GA,comp-2007-2-10,2,1001,229001447.0,229,1447,5000,13.92,0
GA,comp-2007-2-10,3,1002,243001376.0,243,1376,5000,14.14,0
GA,comp-2007-2-10,4,1003,245001146.0,245,1146,5000,14.13,0
GA,comp-2007-2-10,5,1004,236001232.0,236,1232,5000,14.55,0
GA,comp-2007-2-10,6,1005,233001054.0,233,1054,5000,14.22,0
GA,comp-2007-2-10,7,1006,248001227.0,248,1227,5000,14.46,0
GA,comp-2007-2-10,8,1007,247001094.0,247,1094,5000,17.39,0
GA,comp-2007-2-10,9,1008,234001264.0,234,1264,5000,19.02,0
GA,comp-2007-2-10,10,1009,244001264.0,244,1264,5000,18.45,0
GA,comp-2007-2-10,11,1010,234001221.0,234,1221,5000,19.01,0
GA,comp-2007-2-10,12,1011,239001218.0,239,1218,5000,18.94,0
GA,comp-2007-2-10,13,1012,244001228.0,244,1228,5000,18.82,0
GA,comp-2007-2-10,14,1013,252001080.0,252,1080,5000,15.7,0
GA,comp-2007-2-10,15,1014,243001455.0,243,1455,5000,14.37,0
SA,comp-2007-2-10,1,1000,41000534.0,41,534,5000,10.61,0
SA,comp-2007-2-10,2,1001,38000363.0,38,363,5000,10.53,0
SA,comp-2007-2-10,3,1002,35000488.0,35,488,5000,10.51,0
SA,comp-2007-2-10,4,1003,37000452.0,37,452,5000,10.9,0
SA,comp-2007-2-10,5,1004,39000604.0,39,604,5000,10.48,0
SA,comp-2007-2-10,6,1005,42000479.0,42,479,5000,10.6,0
SA,comp-2007-2-10,7,1006,43000411.0,43,411,5000,10.78,0
SA,comp-2007-2-10,8,1007,38000591.0,38,591,5000,10.59,0
SA,comp-2007-2-10,9,1008,36000503.0,36,503,5000,10.29,0
SA,comp-2007-2-10,10,1009,40000650.0,40,650,5000,10.64,0
SA,comp-2007-2-10,11,1010,41000449.0,41,449,5000,10.41,0
SA,comp-2007-2-10,12,1011,45000460.0,45,460,5000,10.42,0
SA,comp-2007-2-10,13,1012,34000540.0,34,540,5000,10.47,0
SA,comp-2007-2-10,14,1013,38000477.0,38,477,5000,10.49,0
SA,comp-2007-2-10,15,1014,36000651.0,36,651,5000,12.18,0
PSO,comp-2007-2-10,1,1000,285001414.0,285,1414,5000,9.91,0
PSO,comp-2007-2-10,2,1001,289001405.0,289,1405,5000,9.98,0
PSO,comp-2007-2-10,3,1002,268001237.0,268,1237,5000,10.18,0
PSO,comp-2007-2-10,4,1003,298001497.0,298,1497,5000,10.36,0
PSO,comp-2007-2-10,5,1004,294001378.0,294,1378,5000,10.5,0
PSO,comp-2007-2-10,6,1005,289001168.0,289,1168,5000,8.39,0
PSO,comp-2007-2-10,7,1006,294001149.0,294,1149,5000,8.57,0
PSO,comp-2007-2-10,8,1007,300001351.0,300,1351,5000,7.92,0
PSO,comp-2007-2-10,9,1008,277001306.0,277,1306,5000,7.87,0
PSO,comp-2007-2-10,10,1009,284001157.0,284,1157,5000,7.75,0
PSO,comp-2007-2-10,11,1010,278001224.0,278,1224,5000,7.77,0
PSO,comp-2007-2-10,12,1011,257001349.0,257,1349,5000,7.63,0
PSO,comp-2007-2-10,13,1012,270001487.0,270,1487,5000,7.58,0
PSO,comp-2007-2-10,14,1013,291001321.0,291,1321,5000,7.91,0
PSO,comp-2007-2-10,15,1014,275001303.0,275,1303,5000,7.66,0
Enhanced_ARO,comp-2007-2-10,1,1000,20000825.0,20,825,5000,13.36,0
Enhanced_ARO,comp-2007-2-10,2,1001,10000920.0,10,920,5000,13.97,0
Enhanced_ARO,comp-2007-2-10,3,1002,22000812.0,22,812,5000,13.58,0
Enhanced_ARO,comp-2007-2-10,4,1003,19000769.0,19,769,5000,13.77,0
Enhanced_ARO,comp-2007-2-10,5,1004,20000751.0,20,751,5000,13.4,0
Enhanced_ARO,comp-2007-2-10,6,1005,24000750.0,24,750,5000,13.7,0
Enhanced_ARO,comp-2007-2-10,7,1006,13000758.0,13,758,5000,13.57,0
Enhanced_ARO,comp-2007-2-10,8,1007,14000838.0,14,838,5000,13.85,0
Enhanced_ARO,comp-2007-2-10,9,1008,11000875.0,11,875,5000,14.71,0
Enhanced_ARO,comp-2007-2-10,10,1009,24000819.0,24,819,5000,18.18,0
Enhanced_ARO,comp-2007-2-10,11,1010,17000735.0,17,735,5000,26.88,0
Enhanced_ARO,comp-2007-2-10,12,1011,25000972.0,25,972,5000,40.3,0
Enhanced_ARO,comp-2007-2-10,13,1012,10000895.0,10,895,5000,40.62,0
Enhanced_ARO,comp-2007-2-10,14,1013,22000875.0,22,875,5000,40.5,0
Enhanced_ARO,comp-2007-2-10,15,1014,16000836.0,16,836,5000,40.22,0
Standard_ARO,comp-2007-2-11,1,1000,200000928.0,200,928,10000,20.79,0
Standard_ARO,comp-2007-2-11,2,1001,190000993.0,190,993,10000,20.68,0
Standard_ARO,comp-2007-2-11,3,1002,184001117.0,184,1117,10000,21.38,0
Standard_ARO,comp-2007-2-11,4,1003,185001158.0,185,1158,10000,21.23,0
Standard_ARO,comp-2007-2-11,5,1004,192000987.0,192,987,10000,20.8,0
Standard_ARO,comp-2007-2-11,6,1005,183000906.0,183,906,10000,21.03,0
Standard_ARO,comp-2007-2-11,7,1006,195000941.0,195,941,10000,21.12,0
Standard_ARO,comp-2007-2-11,8,1007,178000823.0,178,823,10000,20.58,0
Standard_ARO,comp-2007-2-11,9,1008,189001022.0,189,1022,10000,20.55,0
Standard_ARO,comp-2007-2-11,10,1009,203000996.0,203,996,10000,20.29,0
Standard_ARO,comp-2007-2-11,11,1010,199000957.0,199,957,10000,21.02,0
Standard_ARO,comp-2007-2-11,12,1011,183000898.0,183,898,10000,21.3,0
Standard_ARO,comp-2007-2-11,13,1012,185000929.0,185,929,10000,20.6,0
Standard_ARO,comp-2007-2-11,14,1013,171001052.0,171,1052,10000,20.63,0
Standard_ARO,comp-2007-2-11,15,1014,195000948.0,195,948,10000,20.38,0
GA,comp-2007-2-11,1,1000,92000825.0,92,825,10000,39.9,0
GA,comp-2007-2-11,2,1001,90000986.0,90,986,10000,39.64,0
GA,comp-2007-2-11,3,1002,89001001.0,89,1001,10000,39.55,0
GA,comp-2007-2-11,4,1003,90000683.0,90,683,10000,39.45,0
GA,comp-2007-2-11,5,1004,90000881.0,90,881,10000,39.67,0
GA,comp-2007-2-11,6,1005,94000951.0,94,951,10000,39.58,0
GA,comp-2007-2-11,7,1006,83000915.0,83,915,10000,39.44,0
GA,comp-2007-2-11,8,1007,96000924.0,96,924,10000,38.85,0
GA,comp-2007-2-11,9,1008,92001022.0,92,1022,10000,39.53,0
GA,comp-2007-2-11,10,1009,96000805.0,96,805,10000,39.64,0
GA,comp-2007-2-11,11,1010,88000855.0,88,855,10000,40.21,0
GA,comp-2007-2-11,12,1011,87000960.0,87,960,10000,39.29,0
GA,comp-2007-2-11,13,1012,92000778.0,92,778,10000,35.93,0
GA,comp-2007-2-11,14,1013,94000862.0,94,862,10000,33.93,0
GA,comp-2007-2-11,15,1014,82001001.0,82,1001,10000,31.09,0
SA,comp-2007-2-11,1,1000,23000341.0,23,341,10000,22.55,0
SA,comp-2007-2-11,2,1001,25000318.0,25,318,10000,22.51,0
SA,comp-2007-2-11,3,1002,22000299.0,22,299,10000,22.65,0
SA,comp-2007-2-11,4,1003,25000260.0,25,260,10000,22.44,0
SA,comp-2007-2-11,5,1004,25000290.0,25,290,10000,23.29,0
SA,comp-2007-2-11,6,1005,28000310.0,28,310,10000,23.89,0
SA,comp-2007-2-11,7,1006,25000293.0,25,293,10000,22.53,0
SA,comp-2007-2-11,8,1007,26000295.0,26,295,10000,22.96,0
SA,comp-2007-2-11,9,1008,27000284.0,27,284,10000,23.82,0
SA,comp-2007-2-11,10,1009,24000290.0,24,290,10000,23.13,0
SA,comp-2007-2-11,11,1010,24000257.0,24,257,10000,21.03,0
SA,comp-2007-2-11,12,1011,21000275.0,21,275,10000,20633.09,0
SA,comp-2007-2-11,13,1012,21000282.0,21,282,10000,9.78,0
SA,comp-2007-2-11,14,1013,27000289.0,27,289,10000,9.07,0
SA,comp-2007-2-11,15,1014,25000297.0,25,297,10000,8.99,0
PSO,comp-2007-2-11,1,1000,141000961.0,141,961,10000,6.46,0
PSO,comp-2007-2-11,2,1001,152000999.0,152,999,10000,6.49,0
PSO,comp-2007-2-11,3,1002,128001048.0,128,1048,10000,6.49,0
PSO,comp-2007-2-11,4,1003,134000820.0,134,820,10000,6.46,0
PSO,comp-2007-2-11,5,1004,147000969.0,147,969,10000,6.49,0
PSO,comp-2007-2-11,6,1005,153000942.0,153,942,10000,6.38,0
PSO,comp-2007-2-11,7,1006,144000812.0,144,812,10000,6.38,0
PSO,comp-2007-2-11,8,1007,156001129.0,156,1129,10000,6.32,0
PSO,comp-2007-2-11,9,1008,143001049.0,143,1049,10000,6.47,0
PSO,comp-2007-2-11,10,1009,156001046.0,156,1046,10000,6.41,0
PSO,comp-2007-2-11,11,1010,152000827.0,152,827,10000,6.53,0
PSO,comp-2007-2-11,12,1011,151000888.0,151,888,10000,6.48,0
PSO,comp-2007-2-11,13,1012,134001085.0,134,1085,10000,6.51,0
PSO,comp-2007-2-11,14,1013,146000964.0,146,964,10000,6.46,0
PSO,comp-2007-2-11,15,1014,140000942.0,140,942,10000,6.55,0
Enhanced_ARO,comp-2007-2-11,1,1000,132001032.0,132,1032,10000,5.19,0
Enhanced_ARO,comp-2007-2-11,2,1001,127000992.0,127,992,10000,5.16,0
Enhanced_ARO,comp-2007-2-11,3,1002,131001079.0,131,1079,10000,5.21,0
Enhanced_ARO,comp-2007-2-11,4,1003,120000954.0,120,954,10000,5.32,0
Enhanced_ARO,comp-2007-2-11,5,1004,127001105.0,127,1105,10000,5.38,0
Enhanced_ARO,comp-2007-2-11,6,1005,133001024.0,133,1024,10000,5.36,0
Enhanced_ARO,comp-2007-2-11,7,1006,125000907.0,125,907,10000,5.28,0
Enhanced_ARO,comp-2007-2-11,8,1007,133001056.0,133,1056,10000,5.26,0
Enhanced_ARO,comp-2007-2-11,9,1008,128001214.0,128,1214,10000,5.5,0
Enhanced_ARO,comp-2007-2-11,10,1009,129001053.0,129,1053,10000,5.3,0
Enhanced_ARO,comp-2007-2-11,11,1010,133001189.0,133,1189,10000,5.13,0
Enhanced_ARO,comp-2007-2-11,12,1011,131001000.0,131,1000,10000,5.31,0
Enhanced_ARO,comp-2007-2-11,13,1012,129001097.0,129,1097,10000,5.34,0
Enhanced_ARO,comp-2007-2-11,14,1013,128001090.0,128,1090,10000,5.33,0
Enhanced_ARO,comp-2007-2-11,15,1014,123000931.0,123,931,10000,5.41,0
Standard_ARO,comp-2007-2-12,1,1000,169000943.0,169,943,10000,6.61,0
Standard_ARO,comp-2007-2-12,2,1001,166000906.0,166,906,10000,7.65,0
Standard_ARO,comp-2007-2-12,3,1002,164000944.0,164,944,10000,11.62,0
Standard_ARO,comp-2007-2-12,4,1003,174000753.0,174,753,10000,8.96,0
Standard_ARO,comp-2007-2-12,5,1004,165000961.0,165,961,10000,6.87,0
Standard_ARO,comp-2007-2-12,6,1005,178000894.0,178,894,10000,6.85,0
Standard_ARO,comp-2007-2-12,7,1006,170001009.0,170,1009,10000,9.27,0
Standard_ARO,comp-2007-2-12,8,1007,165000906.0,165,906,10000,7.94,0
Standard_ARO,comp-2007-2-12,9,1008,168000751.0,168,751,10000,7.72,0
Standard_ARO,comp-2007-2-12,10,1009,174000932.0,174,932,10000,8.1,0
Standard_ARO,comp-2007-2-12,11,1010,163000912.0,163,912,10000,8.48,0
Standard_ARO,comp-2007-2-12,12,1011,173001076.0,173,1076,10000,7.49,0
Standard_ARO,comp-2007-2-12,13,1012,170000846.0,170,846,10000,7.27,0
Standard_ARO,comp-2007-2-12,14,1013,160000875.0,160,875,10000,7.83,0
Standard_ARO,comp-2007-2-12,15,1014,171000834.0,171,834,10000,8.08,0
GA,comp-2007-2-12,1,1000,72000690.0,72,690,10000,13.85,0
GA,comp-2007-2-12,2,1001,68000798.0,68,798,10000,14.56,0
GA,comp-2007-2-12,3,1002,65000734.0,65,734,10000,14.31,0
GA,comp-2007-2-12,4,1003,67000733.0,67,733,10000,13.23,0
GA,comp-2007-2-12,5,1004,71000728.0,71,728,10000,12.85,0
GA,comp-2007-2-12,6,1005,69000723.0,69,723,10000,13.59,0
GA,comp-2007-2-12,7,1006,76000640.0,76,640,10000,13.04,0
GA,comp-2007-2-12,8,1007,73000640.0,73,640,10000,12.82,0
GA,comp-2007-2-12,9,1008,68000665.0,68,665,10000,13.18,0
GA,comp-2007-2-12,10,1009,80000733.0,80,733,10000,13.11,0
GA,comp-2007-2-12,11,1010,75000602.0,75,602,10000,13.05,0
GA,comp-2007-2-12,12,1011,76000812.0,76,812,10000,12.88,0
GA,comp-2007-2-12,13,1012,78000672.0,78,672,10000,13.0,0
GA,comp-2007-2-12,14,1013,64000541.0,64,541,10000,13.2,0
GA,comp-2007-2-12,15,1014,65000746.0,65,746,10000,13.42,0
SA,comp-2007-2-12,1,1000,10000221.0,10,221,10000,10.16,0
SA,comp-2007-2-12,2,1001,8000320.0,8,320,10000,9.53,0
SA,comp-2007-2-12,3,1002,9000268.0,9,268,10000,9.91,0
SA,comp-2007-2-12,4,1003,8000244.0,8,244,10000,11.04,0
SA,comp-2007-2-12,5,1004,9000204.0,9,204,10000,19.49,0
SA,comp-2007-2-12,6,1005,12000205.0,12,205,10000,17.65,0
SA,comp-2007-2-12,7,1006,6000270.0,6,270,10000,15.5,0
SA,comp-2007-2-12,8,1007,4000270.0,4,270,10000,19.21,0
SA,comp-2007-2-12,9,1008,6000270.0,6,270,10000,21.04,0
SA,comp-2007-2-12,10,1009,9000268.0,9,268,10000,20.73,0
SA,comp-2007-2-12,11,1010,10000218.0,10,218,10000,23.46,0
SA,comp-2007-2-12,12,1011,7000237.0,7,237,10000,22.28,0
SA,comp-2007-2-12,13,1012,4000257.0,4,257,10000,11.74,0
SA,comp-2007-2-12,14,1013,8000257.0,8,257,10000,9.85,0
SA,comp-2007-2-12,15,1014,7000260.0,7,260,10000,9.54,0
PSO,comp-2007-2-12,1,1000,105000908.0,105,908,10000,7.09,0
PSO,comp-2007-2-12,2,1001,108000987.0,108,987,10000,7.39,0
PSO,comp-2007-2-12,3,1002,109000859.0,109,859,10000,7.22,0
PSO,comp-2007-2-12,4,1003,97000927.0,97,927,10000,7.19,0
PSO,comp-2007-2-12,5,1004,102000816.0,102,816,10000,7.16,0
PSO,comp-2007-2-12,6,1005,107001006.0,107,1006,10000,7.27,0
PSO,comp-2007-2-12,7,1006,112001076.0,112,1076,10000,7.19,0
PSO,comp-2007-2-12,8,1007,111000838.0,111,838,10000,7.16,0
PSO,comp-2007-2-12,9,1008,104000775.0,104,775,10000,7.17,0
PSO,comp-2007-2-12,10,1009,119000809.0,119,809,10000,7.7,0
PSO,comp-2007-2-12,11,1010,104001076.0,104,1076,10000,7.22,0
PSO,comp-2007-2-12,12,1011,111000878.0,111,878,10000,7.13,0
PSO,comp-2007-2-12,13,1012,107000997.0,107,997,10000,7.12,0
PSO,comp-2007-2-12,14,1013,109000808.0,109,808,10000,7.16,0
PSO,comp-2007-2-12,15,1014,111000829.0,111,829,10000,7.3,0
Enhanced_ARO,comp-2007-2-12,1,1000,111000792.0,111,792,10000,5.65,0
Enhanced_ARO,comp-2007-2-12,2,1001,112000802.0,112,802,10000,5.69,0
Enhanced_ARO,comp-2007-2-12,3,1002,112000876.0,112,876,10000,10.51,0
Enhanced_ARO,comp-2007-2-12,4,1003,101000752.0,101,752,10000,11.36,0
Enhanced_ARO,comp-2007-2-12,5,1004,107000820.0,107,820,10000,6.7,0
Enhanced_ARO,comp-2007-2-12,6,1005,99000909.0,99,909,10000,6.62,0
Enhanced_ARO,comp-2007-2-12,7,1006,98000832.0,98,832,10000,6.89,0
Enhanced_ARO,comp-2007-2-12,8,1007,110000889.0,110,889,10000,6.52,0
Enhanced_ARO,comp-2007-2-12,9,1008,105000854.0,105,854,10000,6.87,0
Enhanced_ARO,comp-2007-2-12,10,1009,108000788.0,108,788,10000,6.1,0
Enhanced_ARO,comp-2007-2-12,11,1010,112000939.0,112,939,10000,5.78,0
Enhanced_ARO,comp-2007-2-12,12,1011,99000763.0,99,763,10000,6.03,0
Enhanced_ARO,comp-2007-2-12,13,1012,110000836.0,110,836,10000,6.36,0
Enhanced_ARO,comp-2007-2-12,14,1013,102000835.0,102,835,10000,6.07,0
Enhanced_ARO,comp-2007-2-12,15,1014,105000711.0,105,711,10000,6.46,0
Standard_ARO,comp-2007-2-13,1,1000,328003053.0,328,3053,5000,10.06,0
Standard_ARO,comp-2007-2-13,2,1001,345003065.0,345,3065,5000,9.01,0
Standard_ARO,comp-2007-2-13,3,1002,332003324.0,332,3324,5000,9.53,0
Standard_ARO,comp-2007-2-13,4,1003,353003185.0,353,3185,5000,8.94,0
Standard_ARO,comp-2007-2-13,5,1004,349003277.0,349,3277,5000,9.21,0
Standard_ARO,comp-2007-2-13,6,1005,340002798.0,340,2798,5000,8.88,0
Standard_ARO,comp-2007-2-13,7,1006,346003314.0,346,3314,5000,9.13,0
Standard_ARO,comp-2007-2-13,8,1007,339003347.0,339,3347,5000,9.34,0
Standard_ARO,comp-2007-2-13,9,1008,341003157.0,341,3157,5000,9.16,0
Standard_ARO,comp-2007-2-13,10,1009,345003238.0,345,3238,5000,9.05,0
Standard_ARO,comp-2007-2-13,11,1010,328002957.0,328,2957,5000,9.19,0
Standard_ARO,comp-2007-2-13,12,1011,364002892.0,364,2892,5000,9.17,0
Standard_ARO,comp-2007-2-13,13,1012,337003695.0,337,3695,5000,8.89,0
Standard_ARO,comp-2007-2-13,14,1013,331002752.0,331,2752,5000,9.33,0
Standard_ARO,comp-2007-2-13,15,1014,339002980.0,339,2980,5000,9.04,0
GA,comp-2007-2-13,1,1000,269002731.0,269,2731,5000,16.0,0
GA,comp-2007-2-13,2,1001,269002775.0,269,2775,5000,16.23,0
GA,comp-2007-2-13,3,1002,278003308.0,278,3308,5000,16.05,0
GA,comp-2007-2-13,4,1003,271002711.0,271,2711,5000,16.02,0
GA,comp-2007-2-13,5,1004,264003457.0,264,3457,5000,15.94,0
GA,comp-2007-2-13,6,1005,264003083.0,264,3083,5000,16.2,0
GA,comp-2007-2-13,7,1006,271002810.0,271,2810,5000,15.8,0
GA,comp-2007-2-13,8,1007,267002892.0,267,2892,5000,15.94,0
GA,comp-2007-2-13,9,1008,279003133.0,279,3133,5000,17.2,0
GA,comp-2007-2-13,10,1009,266002475.0,266,2475,5000,16.54,0
GA,comp-2007-2-13,11,1010,275002662.0,275,2662,5000,16.22,0
GA,comp-2007-2-13,12,1011,272002944.0,272,2944,5000,15.8,0
GA,comp-2007-2-13,13,1012,267002899.0,267,2899,5000,16.45,0
GA,comp-2007-2-13,14,1013,272002850.0,272,2850,5000,16.01,0
GA,comp-2007-2-13,15,1014,261002709.0,261,2709,5000,16.43,0
SA,comp-2007-2-13,1,1000,76001227.0,76,1227,5000,11.84,0
SA,comp-2007-2-13,2,1001,67001338.0,67,1338,5000,12.11,0
SA,comp-2007-2-13,3,1002,72001208.0,72,1208,5000,10.69,0
SA,comp-2007-2-13,4,1003,77001261.0,77,1261,5000,10.6,0
SA,comp-2007-2-13,5,1004,70001394.0,70,1394,5000,10.65,0
SA,comp-2007-2-13,6,1005,69001197.0,69,1197,5000,10.44,0
SA,comp-2007-2-13,7,1006,59001564.0,59,1564,5000,10.51,0
SA,comp-2007-2-13,8,1007,70001102.0,70,1102,5000,11.11,0
SA,comp-2007-2-13,9,1008,72000918.0,72,918,5000,11.5,0
SA,comp-2007-2-13,10,1009,71000996.0,71,996,5000,11.96,0
SA,comp-2007-2-13,11,1010,69001334.0,69,1334,5000,11.71,0
SA,comp-2007-2-13,12,1011,67001033.0,67,1033,5000,11.27,0
SA,comp-2007-2-13,13,1012,71000866.0,71,866,5000,11.85,0
SA,comp-2007-2-13,14,1013,77000984.0,77,984,5000,11.46,0
SA,comp-2007-2-13,15,1014,70000974.0,70,974,5000,11.48,0
PSO,comp-2007-2-13,1,1000,305003025.0,305,3025,5000,9.62,0
PSO,comp-2007-2-13,2,1001,314002999.0,314,2999,5000,8.41,0
PSO,comp-2007-2-13,3,1002,339002989.0,339,2989,5000,9.03,0
PSO,comp-2007-2-13,4,1003,304003474.0,304,3474,5000,16.9,0
PSO,comp-2007-2-13,5,1004,331003411.0,331,3411,5000,11.89,0
PSO,comp-2007-2-13,6,1005,303003038.0,303,3038,5000,12.87,0
PSO,comp-2007-2-13,7,1006,295003167.0,295,3167,5000,11.9,0
PSO,comp-2007-2-13,8,1007,309003502.0,309,3502,5000,12.03,0
PSO,comp-2007-2-13,9,1008,311003111.0,311,3111,5000,11.72,0
PSO,comp-2007-2-13,10,1009,315003015.0,315,3015,5000,11.59,0
PSO,comp-2007-2-13,11,1010,296002960.0,296,2960,5000,12.59,0
PSO,comp-2007-2-13,12,1011,319002537.0,319,2537,5000,11.98,0
PSO,comp-2007-2-13,13,1012,307003559.0,307,3559,5000,12.16,0
PSO,comp-2007-2-13,14,1013,323003199.0,323,3199,5000,13.04,0
PSO,comp-2007-2-13,15,1014,327003099.0,327,3099,5000,12.76,0
Enhanced_ARO,comp-2007-2-13,1,1000,51001753.0,51,1753,5000,24.09,0
Enhanced_ARO,comp-2007-2-13,2,1001,59001685.0,59,1685,5000,20.22,0
Enhanced_ARO,comp-2007-2-13,3,1002,51001932.0,51,1932,5000,19.98,0
Enhanced_ARO,comp-2007-2-13,4,1003,48002098.0,48,2098,5000,20.51,0
Enhanced_ARO,comp-2007-2-13,5,1004,59001795.0,59,1795,5000,29.34,0
Enhanced_ARO,comp-2007-2-13,6,1005,55002041.0,55,2041,5000,19.25,0
Enhanced_ARO,comp-2007-2-13,7,1006,58002009.0,58,2009,5000,19.05,0
Enhanced_ARO,comp-2007-2-13,8,1007,46001902.0,46,1902,5000,19.48,0
Enhanced_ARO,comp-2007-2-13,9,1008,55001870.0,55,1870,5000,19.05,0
Enhanced_ARO,comp-2007-2-13,10,1009,54002049.0,54,2049,5000,19.07,0
Enhanced_ARO,comp-2007-2-13,11,1010,66001683.0,66,1683,5000,20.46,0
Enhanced_ARO,comp-2007-2-13,12,1011,54002161.0,54,2161,5000,19.41,0
Enhanced_ARO,comp-2007-2-13,13,1012,47002191.0,47,2191,5000,20.42,0
Enhanced_ARO,comp-2007-2-13,14,1013,61001910.0,61,1910,5000,23.75,0
Enhanced_ARO,comp-2007-2-13,15,1014,48002328.0,48,2328,5000,31.0,0
Standard_ARO,comp-2007-2-14,1,1000,396002404.0,396,2404,5000,10.78,0
Standard_ARO,comp-2007-2-14,2,1001,380002852.0,380,2852,5000,8.55,0
Standard_ARO,comp-2007-2-14,3,1002,374003062.0,374,3062,5000,8.49,0
Standard_ARO,comp-2007-2-14,4,1003,360002920.0,360,2920,5000,8.4,0
Standard_ARO,comp-2007-2-14,5,1004,375002595.0,375,2595,5000,8.67,0
Standard_ARO,comp-2007-2-14,6,1005,387003106.0,387,3106,5000,8.55,0
Standard_ARO,comp-2007-2-14,7,1006,383002918.0,383,2918,5000,8.17,0
Standard_ARO,comp-2007-2-14,8,1007,376002737.0,376,2737,5000,8.68,0
Standard_ARO,comp-2007-2-14,9,1008,382002422.0,382,2422,5000,8.65,0
Standard_ARO,comp-2007-2-14,10,1009,384002653.0,384,2653,5000,8.09,0
Standard_ARO,comp-2007-2-14,11,1010,382002628.0,382,2628,5000,8.08,0
Standard_ARO,comp-2007-2-14,12,1011,373002295.0,373,2295,5000,8.48,0
Standard_ARO,comp-2007-2-14,13,1012,371002978.0,371,2978,5000,8.13,0
Standard_ARO,comp-2007-2-14,14,1013,364002706.0,364,2706,5000,8.16,0
Standard_ARO,comp-2007-2-14,15,1014,371002589.0,371,2589,5000,8.29,0
GA,comp-2007-2-14,1,1000,297002497.0,297,2497,5000,15.2,0
GA,comp-2007-2-14,2,1001,296002449.0,296,2449,5000,15.94,0
GA,comp-2007-2-14,3,1002,312002744.0,312,2744,5000,15.55,0
GA,comp-2007-2-14,4,1003,301002407.0,301,2407,5000,15.75,0
GA,comp-2007-2-14,5,1004,304002854.0,304,2854,5000,15.22,0
GA,comp-2007-2-14,6,1005,297002959.0,297,2959,5000,15.05,0
GA,comp-2007-2-14,7,1006,305002526.0,305,2526,5000,14.97,0
GA,comp-2007-2-14,8,1007,320002556.0,320,2556,5000,16.19,0
GA,comp-2007-2-14,9,1008,299002569.0,299,2569,5000,14.93,0
GA,comp-2007-2-14,10,1009,294002505.0,294,2505,5000,15.19,0
GA,comp-2007-2-14,11,1010,303002379.0,303,2379,5000,14.94,0
GA,comp-2007-2-14,12,1011,304002908.0,304,2908,5000,16.1,0
GA,comp-2007-2-14,13,1012,295002762.0,295,2762,5000,14.97,0
GA,comp-2007-2-14,14,1013,311002544.0,311,2544,5000,14.94,0
GA,comp-2007-2-14,15,1014,310002792.0,310,2792,5000,14.68,0
SA,comp-2007-2-14,1,1000,93001082.0,93,1082,5000,10.96,0
SA,comp-2007-2-14,2,1001,93001264.0,93,1264,5000,11.55,0
SA,comp-2007-2-14,3,1002,83001249.0,83,1249,5000,12.09,0
SA,comp-2007-2-14,4,1003,96001082.0,96,1082,5000,11.72,0
SA,comp-2007-2-14,5,1004,85001122.0,85,1122,5000,12.85,0
SA,comp-2007-2-14,6,1005,103001058.0,103,1058,5000,11.59,0
SA,comp-2007-2-14,7,1006,86000962.0,86,962,5000,11.7,0
SA,comp-2007-2-14,8,1007,92001088.0,92,1088,5000,11.47,0
SA,comp-2007-2-14,9,1008,84001151.0,84,1151,5000,13.05,0
SA,comp-2007-2-14,10,1009,102001129.0,102,1129,5000,14.85,0
SA,comp-2007-2-14,11,1010,81001115.0,81,1115,5000,14.2,0
SA,comp-2007-2-14,12,1011,88001196.0,88,1196,5000,13.02,0
SA,comp-2007-2-14,13,1012,90001140.0,90,1140,5000,13.49,0
SA,comp-2007-2-14,14,1013,86001101.0,86,1101,5000,14.15,0
SA,comp-2007-2-14,15,1014,94000931.0,94,931,5000,13.45,0
PSO,comp-2007-2-14,1,1000,347003173.0,347,3173,5000,11.02,0
PSO,comp-2007-2-14,2,1001,344002875.0,344,2875,5000,9.97,0
PSO,comp-2007-2-14,3,1002,362003343.0,362,3343,5000,10.55,0
PSO,comp-2007-2-14,4,1003,350002917.0,350,2917,5000,9.72,0
PSO,comp-2007-2-14,5,1004,335002864.0,335,2864,5000,9.88,0
PSO,comp-2007-2-14,6,1005,366002842.0,366,2842,5000,9.22,0
PSO,comp-2007-2-14,7,1006,364002972.0,364,2972,5000,9.53,0
PSO,comp-2007-2-14,8,1007,379002825.0,379,2825,5000,12.15,0
PSO,comp-2007-2-14,9,1008,376002458.0,376,2458,5000,11.65,0
PSO,comp-2007-2-14,10,1009,343002767.0,343,2767,5000,11.35,0
PSO,comp-2007-2-14,11,1010,356002596.0,356,2596,5000,10.99,0
PSO,comp-2007-2-14,12,1011,353002637.0,353,2637,5000,10.23,0
PSO,comp-2007-2-14,13,1012,349002694.0,349,2694,5000,10.01,0
PSO,comp-2007-2-14,14,1013,347002581.0,347,2581,5000,11.7,0
PSO,comp-2007-2-14,15,1014,341002921.0,341,2921,5000,12.37,0
Enhanced_ARO,comp-2007-2-14,1,1000,89001971.0,89,1971,5000,19.05,0
Enhanced_ARO,comp-2007-2-14,2,1001,78001600.0,78,1600,5000,20.82,0
Enhanced_ARO,comp-2007-2-14,3,1002,78002079.0,78,2079,5000,24.12,0
Enhanced_ARO,comp-2007-2-14,4,1003,87001676.0,87,1676,5000,23.31,0
Enhanced_ARO,comp-2007-2-14,5,1004,77001936.0,77,1936,5000,18.97,0
Enhanced_ARO,comp-2007-2-14,6,1005,93001797.0,93,1797,5000,18.85,0
Enhanced_ARO,comp-2007-2-14,7,1006,92001938.0,92,1938,5000,19.23,0
Enhanced_ARO,comp-2007-2-14,8,1007,87001956.0,87,1956,5000,18.11,0
Enhanced_ARO,comp-2007-2-14,9,1008,81001748.0,81,1748,5000,18.52,0
Enhanced_ARO,comp-2007-2-14,10,1009,81001539.0,81,1539,5000,19.57,0
Enhanced_ARO,comp-2007-2-14,11,1010,89001722.0,89,1722,5000,19.14,0
Enhanced_ARO,comp-2007-2-14,12,1011,78001785.0,78,1785,5000,16.67,0
Enhanced_ARO,comp-2007-2-14,13,1012,87001755.0,87,1755,5000,17.68,0
Enhanced_ARO,comp-2007-2-14,14,1013,73001725.0,73,1725,5000,20.75,0
Enhanced_ARO,comp-2007-2-14,15,1014,78001729.0,78,1729,5000,23.13,0
Standard_ARO,comp-2007-2-15,1,1000,210000646.0,210,646,10000,10.53,0
Standard_ARO,comp-2007-2-15,2,1001,224000713.0,224,713,10000,10.87,0
Standard_ARO,comp-2007-2-15,3,1002,218000846.0,218,846,10000,11.15,0
Standard_ARO,comp-2007-2-15,4,1003,223000833.0,223,833,10000,10.81,0
Standard_ARO,comp-2007-2-15,5,1004,216000939.0,216,939,10000,11.09,0
Standard_ARO,comp-2007-2-15,6,1005,225000755.0,225,755,10000,10.94,0
Standard_ARO,comp-2007-2-15,7,1006,225000797.0,225,797,10000,10.08,0
Standard_ARO,comp-2007-2-15,8,1007,243000995.0,243,995,10000,10.56,0
Standard_ARO,comp-2007-2-15,9,1008,219000809.0,219,809,10000,9.75,0
Standard_ARO,comp-2007-2-15,10,1009,233000982.0,233,982,10000,10.06,0
Standard_ARO,comp-2007-2-15,11,1010,227000641.0,227,641,10000,10.37,0
Standard_ARO,comp-2007-2-15,12,1011,225000734.0,225,734,10000,9.99,0
Standard_ARO,comp-2007-2-15,13,1012,224000688.0,224,688,10000,9.94,0
Standard_ARO,comp-2007-2-15,14,1013,221000759.0,221,759,10000,10.39,0
Standard_ARO,comp-2007-2-15,15,1014,248000880.0,248,880,10000,10.31,0
GA,comp-2007-2-15,1,1000,129000579.0,129,579,10000,19.73,0
GA,comp-2007-2-15,2,1001,123000636.0,123,636,10000,19.55,0
GA,comp-2007-2-15,3,1002,123000572.0,123,572,10000,19.21,0
GA,comp-2007-2-15,4,1003,121000607.0,121,607,10000,18.08,0
GA,comp-2007-2-15,5,1004,122000667.0,122,667,10000,17.21,0
GA,comp-2007-2-15,6,1005,127000499.0,127,499,10000,17.26,0
GA,comp-2007-2-15,7,1006,123000692.0,123,692,10000,17.26,0
GA,comp-2007-2-15,8,1007,132000610.0,132,610,10000,19.12,0
GA,comp-2007-2-15,9,1008,128000659.0,128,659,10000,19.4,0
GA,comp-2007-2-15,10,1009,120000668.0,120,668,10000,18.04,0
GA,comp-2007-2-15,11,1010,128000548.0,128,548,10000,17.5,0
GA,comp-2007-2-15,12,1011,125000541.0,125,541,10000,17.72,0
GA,comp-2007-2-15,13,1012,124000608.0,124,608,10000,17.39,0
GA,comp-2007-2-15,14,1013,127000675.0,127,675,10000,16.24,0
GA,comp-2007-2-15,15,1014,119000485.0,119,485,10000,17.66,0
SA,comp-2007-2-15,1,1000,24000377.0,24,377,10000,11.97,0
SA,comp-2007-2-15,2,1001,19000365.0,19,365,10000,11.75,0
SA,comp-2007-2-15,3,1002,22000341.0,22,341,10000,11.46,0
SA,comp-2007-2-15,4,1003,19000244.0,19,244,10000,12.08,0
SA,comp-2007-2-15,5,1004,22000203.0,22,203,10000,11.62,0
SA,comp-2007-2-15,6,1005,17000314.0,17,314,10000,11.65,0
SA,comp-2007-2-15,7,1006,17000354.0,17,354,10000,11.52,0
SA,comp-2007-2-15,8,1007,22000309.0,22,309,10000,10.97,0
SA,comp-2007-2-15,9,1008,21000212.0,21,212,10000,10.67,0
SA,comp-2007-2-15,10,1009,20000237.0,20,237,10000,10.84,0
SA,comp-2007-2-15,11,1010,15000246.0,15,246,10000,10.8,0
SA,comp-2007-2-15,12,1011,16000290.0,16,290,10000,11.22,0
SA,comp-2007-2-15,13,1012,22000211.0,22,211,10000,10.48,0
SA,comp-2007-2-15,14,1013,24000284.0,24,284,10000,10.55,0
SA,comp-2007-2-15,15,1014,17000308.0,17,308,10000,10.85,0
PSO,comp-2007-2-15,1,1000,158000816.0,158,816,10000,7.9,0
PSO,comp-2007-2-15,2,1001,166000702.0,166,702,10000,7.75,0
PSO,comp-2007-2-15,3,1002,158000896.0,158,896,10000,7.89,0
PSO,comp-2007-2-15,4,1003,170000663.0,170,663,10000,8.06,0
PSO,comp-2007-2-15,5,1004,154000927.0,154,927,10000,7.75,0
PSO,comp-2007-2-15,6,1005,167000615.0,167,615,10000,7.83,0
PSO,comp-2007-2-15,7,1006,167000807.0,167,807,10000,7.79,0
PSO,comp-2007-2-15,8,1007,165000610.0,165,610,10000,7.86,0
PSO,comp-2007-2-15,9,1008,173000669.0,173,669,10000,7.63,0
PSO,comp-2007-2-15,10,1009,180000819.0,180,819,10000,7.6,0
PSO,comp-2007-2-15,11,1010,155000952.0,155,952,10000,7.67,0
PSO,comp-2007-2-15,12,1011,176001054.0,176,1054,10000,7.83,0
PSO,comp-2007-2-15,13,1012,175000625.0,175,625,10000,7.79,0
PSO,comp-2007-2-15,14,1013,171000586.0,171,586,10000,7.51,0
PSO,comp-2007-2-15,15,1014,173000705.0,173,705,10000,7.77,0
Enhanced_ARO,comp-2007-2-15,1,1000,164000786.0,164,786,10000,6.27,0
Enhanced_ARO,comp-2007-2-15,2,1001,160000662.0,160,662,10000,6.14,0
Enhanced_ARO,comp-2007-2-15,3,1002,160000696.0,160,696,10000,6.08,0
Enhanced_ARO,comp-2007-2-15,4,1003,163000743.0,163,743,10000,6.09,0
Enhanced_ARO,comp-2007-2-15,5,1004,166000798.0,166,798,10000,6.43,0
Enhanced_ARO,comp-2007-2-15,6,1005,161000794.0,161,794,10000,6.3,0
Enhanced_ARO,comp-2007-2-15,7,1006,164000794.0,164,794,10000,6.36,0
Enhanced_ARO,comp-2007-2-15,8,1007,158000738.0,158,738,10000,6.12,0
Enhanced_ARO,comp-2007-2-15,9,1008,157000722.0,157,722,10000,5.92,0
Enhanced_ARO,comp-2007-2-15,10,1009,154000926.0,154,926,10000,6.28,0
Enhanced_ARO,comp-2007-2-15,11,1010,161000862.0,161,862,10000,6.13,0
Enhanced_ARO,comp-2007-2-15,12,1011,147000668.0,147,668,10000,6.05,0
Enhanced_ARO,comp-2007-2-15,13,1012,166000741.0,166,741,10000,6.08,0
Enhanced_ARO,comp-2007-2-15,14,1013,166000844.0,166,844,10000,6.16,0
Enhanced_ARO,comp-2007-2-15,15,1014,159000777.0,159,777,10000,6.38,0
Standard_ARO,comp-2007-2-16,1,1000,175000439.0,175,439,10000,7.47,0
Standard_ARO,comp-2007-2-16,2,1001,185000477.0,185,477,10000,7.5,0
Standard_ARO,comp-2007-2-16,3,1002,185000575.0,185,575,10000,7.45,0
Standard_ARO,comp-2007-2-16,4,1003,191000497.0,191,497,10000,7.67,0
Standard_ARO,comp-2007-2-16,5,1004,182000616.0,182,616,10000,7.46,0
Standard_ARO,comp-2007-2-16,6,1005,191000670.0,191,670,10000,7.48,0
Standard_ARO,comp-2007-2-16,7,1006,188000643.0,188,643,10000,7.35,0
Standard_ARO,comp-2007-2-16,8,1007,194000600.0,194,600,10000,7.49,0
Standard_ARO,comp-2007-2-16,9,1008,188000532.0,188,532,10000,7.3,0
Standard_ARO,comp-2007-2-16,10,1009,187000472.0,187,472,10000,7.47,0
Standard_ARO,comp-2007-2-16,11,1010,182000586.0,182,586,10000,7.27,0
Standard_ARO,comp-2007-2-16,12,1011,194000469.0,194,469,10000,7.53,0
Standard_ARO,comp-2007-2-16,13,1012,195000495.0,195,495,10000,7.29,0
Standard_ARO,comp-2007-2-16,14,1013,193000612.0,193,612,10000,7.35,0
Standard_ARO,comp-2007-2-16,15,1014,195000525.0,195,525,10000,7.44,0
GA,comp-2007-2-16,1,1000,91000534.0,91,534,10000,14.97,0
GA,comp-2007-2-16,2,1001,89000405.0,89,405,10000,14.12,0
GA,comp-2007-2-16,3,1002,92000394.0,92,394,10000,14.61,0
GA,comp-2007-2-16,4,1003,93000458.0,93,458,10000,14.45,0
GA,comp-2007-2-16,5,1004,93000432.0,93,432,10000,14.28,0
GA,comp-2007-2-16,6,1005,96000473.0,96,473,10000,13.96,0
GA,comp-2007-2-16,7,1006,88000411.0,88,411,10000,14.42,0
GA,comp-2007-2-16,8,1007,88000403.0,88,403,10000,14.18,0
GA,comp-2007-2-16,9,1008,89000408.0,89,408,10000,14.49,0
GA,comp-2007-2-16,10,1009,94000469.0,94,469,10000,14.16,0
GA,comp-2007-2-16,11,1010,96000574.0,96,574,10000,14.24,0
GA,comp-2007-2-16,12,1011,98000427.0,98,427,10000,14.07,0
GA,comp-2007-2-16,13,1012,93000395.0,93,395,10000,14.35,0
GA,comp-2007-2-16,14,1013,84000491.0,84,491,10000,14.45,0
GA,comp-2007-2-16,15,1014,88000460.0,88,460,10000,14.38,0
SA,comp-2007-2-16,1,1000,15000103.0,15,103,10000,10.37,0
SA,comp-2007-2-16,2,1001,6000152.0,6,152,10000,10.12,0
SA,comp-2007-2-16,3,1002,4000114.0,4,114,10000,10.24,0
SA,comp-2007-2-16,4,1003,4000123.0,4,123,10000,10.41,0
SA,comp-2007-2-16,5,1004,13000180.0,13,180,10000,10.13,0
SA,comp-2007-2-16,6,1005,7000112.0,7,112,10000,10.28,0
SA,comp-2007-2-16,7,1006,5000152.0,5,152,10000,9.97,0
SA,comp-2007-2-16,8,1007,11000170.0,11,170,10000,10.06,0
SA,comp-2007-2-16,9,1008,9000130.0,9,130,10000,10.59,0
SA,comp-2007-2-16,10,1009,6000169.0,6,169,10000,10.19,0
SA,comp-2007-2-16,11,1010,9000188.0,9,188,10000,10.28,0
SA,comp-2007-2-16,12,1011,6000114.0,6,114,10000,10.36,0
SA,comp-2007-2-16,13,1012,9000130.0,9,130,10000,10.14,0
SA,comp-2007-2-16,14,1013,7000127.0,7,127,10000,10.08,0
SA,comp-2007-2-16,15,1014,8000138.0,8,138,10000,10.29,0
PSO,comp-2007-2-16,1,1000,142000515.0,142,515,10000,7.3,0
PSO,comp-2007-2-16,2,1001,125000491.0,125,491,10000,7.42,0
PSO,comp-2007-2-16,3,1002,134000523.0,134,523,10000,7.42,0
PSO,comp-2007-2-16,4,1003,151000570.0,151,570,10000,7.67,0
PSO,comp-2007-2-16,5,1004,133000632.0,133,632,10000,7.61,0
PSO,comp-2007-2-16,6,1005,142000686.0,142,686,10000,7.42,0
PSO,comp-2007-2-16,7,1006,124000647.0,124,647,10000,7.61,0
PSO,comp-2007-2-16,8,1007,152000465.0,152,465,10000,7.81,0
PSO,comp-2007-2-16,9,1008,140000493.0,140,493,10000,7.49,0
PSO,comp-2007-2-16,10,1009,134000627.0,134,627,10000,7.57,0
PSO,comp-2007-2-16,11,1010,150000511.0,150,511,10000,7.71,0
PSO,comp-2007-2-16,12,1011,153000463.0,153,463,10000,7.72,0
PSO,comp-2007-2-16,13,1012,137000609.0,137,609,10000,7.39,0
PSO,comp-2007-2-16,14,1013,152000639.0,152,639,10000,7.49,0
PSO,comp-2007-2-16,15,1014,162000745.0,162,745,10000,7.5,0
Enhanced_ARO,comp-2007-2-16,1,1000,126000493.0,126,493,10000,6.11,0
Enhanced_ARO,comp-2007-2-16,2,1001,116000751.0,116,751,10000,5.95,0
Enhanced_ARO,comp-2007-2-16,3,1002,126000598.0,126,598,10000,6.05,0
Enhanced_ARO,comp-2007-2-16,4,1003,130000649.0,130,649,10000,6.02,0
Enhanced_ARO,comp-2007-2-16,5,1004,135000453.0,135,453,10000,5.92,0
Enhanced_ARO,comp-2007-2-16,6,1005,114000554.0,114,554,10000,6.1,0
Enhanced_ARO,comp-2007-2-16,7,1006,128000579.0,128,579,10000,5.99,0
Enhanced_ARO,comp-2007-2-16,8,1007,115000561.0,115,561,10000,6.07,0
Enhanced_ARO,comp-2007-2-16,9,1008,121000537.0,121,537,10000,5.97,0
Enhanced_ARO,comp-2007-2-16,10,1009,130000540.0,130,540,10000,6.19,0
Enhanced_ARO,comp-2007-2-16,11,1010,127000637.0,127,637,10000,6.3,0
Enhanced_ARO,comp-2007-2-16,12,1011,125000484.0,125,484,10000,5.82,0
Enhanced_ARO,comp-2007-2-16,13,1012,130000592.0,130,592,10000,6.31,0
Enhanced_ARO,comp-2007-2-16,14,1013,122000633.0,122,633,10000,6.36,0
Enhanced_ARO,comp-2007-2-16,15,1014,129000611.0,129,611,10000,6.34,0
Standard_ARO,comp-2007-2-9,1,1000,378001191.0,378,1191,5000,9.31,0
Standard_ARO,comp-2007-2-9,2,1001,379001336.0,379,1336,5000,9.47,0
Standard_ARO,comp-2007-2-9,3,1002,390001241.0,390,1241,5000,8.28,0
Standard_ARO,comp-2007-2-9,4,1003,385001550.0,385,1550,5000,8.49,0
Standard_ARO,comp-2007-2-9,5,1004,393001360.0,393,1360,5000,9.03,0
Standard_ARO,comp-2007-2-9,6,1005,380001076.0,380,1076,5000,9.29,0
Standard_ARO,comp-2007-2-9,7,1006,390001566.0,390,1566,5000,8.95,0
Standard_ARO,comp-2007-2-9,8,1007,381001243.0,381,1243,5000,8.99,0
Standard_ARO,comp-2007-2-9,9,1008,391001507.0,391,1507,5000,9.21,0
Standard_ARO,comp-2007-2-9,10,1009,404001447.0,404,1447,5000,9.23,0
Standard_ARO,comp-2007-2-9,11,1010,402001330.0,402,1330,5000,9.28,0
Standard_ARO,comp-2007-2-9,12,1011,385001470.0,385,1470,5000,8.84,0
Standard_ARO,comp-2007-2-9,13,1012,402001431.0,402,1431,5000,8.75,0
Standard_ARO,comp-2007-2-9,14,1013,379001283.0,379,1283,5000,9.19,0
Standard_ARO,comp-2007-2-9,15,1014,407001593.0,407,1593,5000,8.19,0
GA,comp-2007-2-9,1,1000,314001310.0,314,1310,5000,15.79,0
GA,comp-2007-2-9,2,1001,326001321.0,326,1321,5000,15.86,0
GA,comp-2007-2-9,3,1002,312001194.0,312,1194,5000,15.38,0
GA,comp-2007-2-9,4,1003,314001502.0,314,1502,5000,16.31,0
GA,comp-2007-2-9,5,1004,316001378.0,316,1378,5000,16.49,0
GA,comp-2007-2-9,6,1005,306001560.0,306,1560,5000,15.77,0
GA,comp-2007-2-9,7,1006,324001277.0,324,1277,5000,15.74,0
GA,comp-2007-2-9,8,1007,317001164.0,317,1164,5000,15.64,0
GA,comp-2007-2-9,9,1008,320001486.0,320,1486,5000,15.95,0
GA,comp-2007-2-9,10,1009,319001331.0,319,1331,5000,15.9,0
GA,comp-2007-2-9,11,1010,300001157.0,300,1157,5000,15.65,0
GA,comp-2007-2-9,12,1011,307001299.0,307,1299,5000,15.75,0
GA,comp-2007-2-9,13,1012,304001170.0,304,1170,5000,16.08,0
GA,comp-2007-2-9,14,1013,319001280.0,319,1280,5000,15.35,0
GA,comp-2007-2-9,15,1014,311001323.0,311,1323,5000,15.67,0
SA,comp-2007-2-9,1,1000,89000609.0,89,609,5000,11.71,0
SA,comp-2007-2-9,2,1001,81000642.0,81,642,5000,11.74,0
SA,comp-2007-2-9,3,1002,87000684.0,87,684,5000,11.59,0
SA,comp-2007-2-9,4,1003,97000590.0,97,590,5000,11.73,0
SA,comp-2007-2-9,5,1004,93000500.0,93,500,5000,11.62,0
SA,comp-2007-2-9,6,1005,93000770.0,93,770,5000,11.87,0
SA,comp-2007-2-9,7,1006,83000630.0,83,630,5000,11.98,0
SA,comp-2007-2-9,8,1007,93000664.0,93,664,5000,11.73,0
SA,comp-2007-2-9,9,1008,88000557.0,88,557,5000,11.33,0
SA,comp-2007-2-9,10,1009,97000644.0,97,644,5000,11.45,0
SA,comp-2007-2-9,11,1010,90000590.0,90,590,5000,11.49,0
SA,comp-2007-2-9,12,1011,97000618.0,97,618,5000,11.59,0
SA,comp-2007-2-9,13,1012,87000516.0,87,516,5000,11.93,0
SA,comp-2007-2-9,14,1013,92000602.0,92,602,5000,11.06,0
SA,comp-2007-2-9,15,1014,87000729.0,87,729,5000,11.97,0
PSO,comp-2007-2-9,1,1000,363001397.0,363,1397,5000,8.72,0
PSO,comp-2007-2-9,2,1001,388001548.0,388,1548,5000,8.94,0
PSO,comp-2007-2-9,3,1002,361001618.0,361,1618,5000,8.45,0
PSO,comp-2007-2-9,4,1003,349001152.0,349,1152,5000,8.67,0
PSO,comp-2007-2-9,5,1004,360001582.0,360,1582,5000,8.68,0
PSO,comp-2007-2-9,6,1005,359001450.0,359,1450,5000,9.04,0
PSO,comp-2007-2-9,7,1006,356001467.0,356,1467,5000,9.14,0
PSO,comp-2007-2-9,8,1007,357001456.0,357,1456,5000,8.33,0
PSO,comp-2007-2-9,9,1008,363001294.0,363,1294,5000,8.43,0
PSO,comp-2007-2-9,10,1009,357001442.0,357,1442,5000,9.15,0
PSO,comp-2007-2-9,11,1010,367001343.0,367,1343,5000,8.73,0
PSO,comp-2007-2-9,12,1011,356001411.0,356,1411,5000,8.77,0
PSO,comp-2007-2-9,13,1012,365001381.0,365,1381,5000,7.99,0
PSO,comp-2007-2-9,14,1013,358001460.0,358,1460,5000,8.09,0
PSO,comp-2007-2-9,15,1014,359001426.0,359,1426,5000,8.68,0
Enhanced_ARO,comp-2007-2-9,1,1000,91000893.0,91,893,5000,17.1,0
Enhanced_ARO,comp-2007-2-9,2,1001,99000970.0,99,970,5000,16.41,0
Enhanced_ARO,comp-2007-2-9,3,1002,93000936.0,93,936,5000,16.92,0
Enhanced_ARO,comp-2007-2-9,4,1003,91000692.0,91,692,5000,15.4,0
Enhanced_ARO,comp-2007-2-9,5,1004,87000862.0,87,862,5000,15.54,0
Enhanced_ARO,comp-2007-2-9,6,1005,99000757.0,99,757,5000,15.33,0
Enhanced_ARO,comp-2007-2-9,7,1006,85000988.0,85,988,5000,16.5,0
Enhanced_ARO,comp-2007-2-9,8,1007,77001005.0,77,1005,5000,16.51,0
Enhanced_ARO,comp-2007-2-9,9,1008,77000872.0,77,872,5000,17.7,0
Enhanced_ARO,comp-2007-2-9,10,1009,96000913.0,96,913,5000,19.55,0
Enhanced_ARO,comp-2007-2-9,11,1010,92000752.0,92,752,5000,14.99,0
Enhanced_ARO,comp-2007-2-9,12,1011,90000635.0,90,635,5000,15.87,0
Enhanced_ARO,comp-2007-2-9,13,1012,91000869.0,91,869,5000,15.57,0
Enhanced_ARO,comp-2007-2-9,14,1013,87001000.0,87,1000,5000,16.48,0
Enhanced_ARO,comp-2007-2-9,15,1014,89000890.0,89,890,5000,15.7,0
